{"cameraMode":{"drawMode":0,"name":"Shaded","section":"Shading Mode"},"sceneLighting":true,"audioPlay":false,"sceneViewState":{"showFog":true,"showMaterialUpdate":false,"showSkybox":true,"showFlares":true,"showImageEffects":true,"showParticleSystems":true},"in2DMode":false,"pivot":{"x":-0.1308131217956543,"y":1.3033442497253419,"z":0.8202247619628906},"rotation":{"x":-0.21403001248836518,"y":-0.2071227729320526,"z":0.046489473432302478,"w":-0.9534891247749329},"size":18.687471389770509,"orthographic":false}